geoid,namelsad,aland,awater,totpop2020,hhpop2020,gqpop2020,hh2020,avhhsize20,hu2020,vacrate202,hislat2020,whitenh202,blacknh202,ainh2020,asnh2020,hipinh2020,othernh202,twoplsnh20,,
42101000102,Census Tract 1.02,444406,0,3511,3488,23,2237,1.56,2468,9.4,208,2719,132,6,286,1,25,134,,1603797
42101000200,Census Tract 2,386232,0,3367,3065,302,1474,2.08,1644,10.3,125,784,251,7,2068,0,15,117,,
42101000300,Census Tract 3,546267,22673,4501,4164,337,2533,1.64,2723,7,279,3100,300,0,641,3,14,164,,
42101023100,Census Tract 231,732749,1270,1285,1285,0,549,2.34,575,4.5,55,1086,48,0,41,0,6,49,,
42101000401,Census Tract 4.01,216838,15884,3123,3066,57,2160,1.42,2307,6.4,167,1754,249,5,796,0,14,138,,
42101000403,Census Tract 4.03,139616,0,1139,1135,4,750,1.51,844,11.1,67,787,78,1,169,0,0,37,,
42101000404,Census Tract 4.04,164084,0,3822,3812,10,2681,1.42,2920,8.2,161,2988,119,4,432,0,11,107,,
42101024000,Census Tract 240,617080,0,3808,3774,34,1913,1.97,2165,11.6,205,992,2240,6,160,6,23,176,,
42101024100,Census Tract 241,407855,0,1343,1160,183,770,1.51,813,5.3,58,251,945,5,16,0,6,62,,
42101011700,Census Tract 117,654025,0,1893,1017,876,364,2.79,425,14.4,91,854,613,12,251,2,12,58,,
42101003200,Census Tract 32,491790,0,4511,4485,26,1889,2.37,2362,20,388,987,2727,15,170,1,45,178,,
42101033900,Census Tract 339,1140699,0,3106,3095,11,1331,2.33,1410,5.6,415,1942,490,0,151,0,19,89,,
42101034000,Census Tract 340,763894,729,2971,2920,51,1081,2.7,1107,2.3,330,2015,204,2,281,0,28,111,,
42101034502,Census Tract 345.02,1021734,0,5928,5911,17,2569,2.3,2645,2.9,407,3056,1148,10,920,0,39,348,,
42101003800,Census Tract 38,1089240,0,3820,3820,0,1652,2.31,1733,4.7,166,3225,69,0,260,1,13,86,,
42101003901,Census Tract 39.01,420397,0,6219,6163,56,2772,2.22,3024,8.3,526,3899,470,4,1082,0,34,204,,
42101024200,Census Tract 242,532060,0,4113,4080,33,1778,2.29,1975,10,195,508,3174,5,23,2,68,138,,
42101024800,Census Tract 248,319262,0,1912,1912,0,712,2.69,789,9.8,63,40,1731,3,0,0,7,68,,
42101004103,Census Tract 41.03,190517,0,4273,4273,0,1369,3.12,1472,7,1209,1080,213,3,1630,0,15,123,,
42101006200,Census Tract 62,509635,0,4498,4498,0,1478,3.04,1640,9.9,210,214,3718,2,230,0,18,106,,
42101006300,Census Tract 63,555597,0,4022,3972,50,1442,2.75,1693,14.8,365,134,2884,4,496,0,4,135,,
42101006600,Census Tract 66,651243,0,3592,3551,41,1413,2.51,1616,12.6,270,88,2738,7,353,3,18,115,,
42101006700,Census Tract 67,1001468,0,7450,7445,5,2638,2.82,2952,10.6,263,443,5741,16,711,0,35,241,,
42101024900,Census Tract 249,325196,0,3412,3388,24,1230,2.75,1385,11.2,129,49,3077,20,24,0,27,86,,
42101025700,Census Tract 257,746915,0,3456,3452,4,1934,1.78,2115,8.6,182,1798,1133,9,178,1,16,139,,
42101007000,Census Tract 70,469586,0,3892,3892,0,1480,2.63,1715,13.7,140,72,3502,16,24,6,20,112,,
42101007101,Census Tract 71.01,253257,0,2437,2400,37,887,2.71,1069,17,68,121,2121,6,34,0,20,67,,
42101007102,Census Tract 71.02,415761,0,4674,4674,0,1782,2.62,2032,12.3,147,114,4202,9,18,0,23,161,,
42101007200,Census Tract 72,502743,0,4502,4494,8,1772,2.54,2044,13.3,121,120,4067,12,36,0,32,114,,
42101010100,Census Tract 101,601423,0,5640,5598,42,2349,2.38,2700,13,207,82,5113,12,45,4,37,140,,
42101010200,Census Tract 102,360619,0,3147,3147,0,1278,2.46,1493,14.4,95,47,2894,3,8,0,11,89,,
42101029400,Census Tract 294,647650,2470,3308,3235,73,1125,2.88,1301,13.5,1292,531,1260,10,69,0,21,125,,
42101029800,Census Tract 298,649154,0,4847,4843,4,1850,2.62,1981,6.6,1802,931,1813,14,106,3,27,151,,
42101010300,Census Tract 103,281275,0,2572,2572,0,1058,2.43,1253,15.6,90,59,2314,5,19,0,13,72,,
42101010400,Census Tract 104,473022,0,3573,3341,232,1355,2.47,1611,15.9,123,159,3126,6,26,0,14,119,,
42101007300,Census Tract 73,386471,0,3207,3207,0,1343,2.39,1596,15.9,153,570,2272,2,70,0,15,125,,
42101008101,Census Tract 81.01,243881,0,2715,2715,0,1026,2.65,1214,15.5,116,103,2350,9,20,0,20,97,,
42101008102,Census Tract 81.02,362526,0,5034,5034,0,1864,2.7,2107,11.5,143,135,4473,17,52,4,33,177,,
42101011400,Census Tract 114,972947,0,6320,6285,35,2659,2.36,2989,11,157,141,5720,16,48,0,23,215,,
42101031300,Census Tract 313,688086,0,7416,7413,3,2332,3.18,2422,3.7,2145,1286,1660,20,1703,6,184,412,,
42101031401,Census Tract 314.01,594849,0,7456,7444,12,2183,3.41,2271,3.9,2216,1388,1226,13,1839,2,342,430,,
42101031800,Census Tract 318,509349,0,4093,4093,0,1496,2.74,1553,3.7,1508,635,1507,9,242,2,48,142,,
42101011800,Census Tract 118,914502,0,5491,5491,0,2197,2.5,2408,8.8,165,213,4892,19,28,2,23,149,,
42101012501,Census Tract 125.01,295431,0,2935,2674,261,1763,1.52,1947,9.5,219,1657,338,0,555,10,23,133,,
42101008500,Census Tract 85,621445,0,6773,6773,0,2846,2.38,3329,14.5,239,694,5285,30,231,8,39,247,,
42101012502,Census Tract 125.02,569430,32791,5141,5000,141,3207,1.56,3440,6.8,360,3169,562,5,812,0,42,191,,
42101008601,Census Tract 86.01,252482,0,3212,3191,21,1588,2.01,1757,9.6,243,1562,815,6,388,0,37,161,,
42101000500,Census Tract 5,428760,0,3614,2482,1132,1704,1.46,1864,8.6,340,1651,829,2,693,0,12,87,,
42101008602,Census Tract 86.02,369141,0,3452,3416,36,1710,2,1879,9,222,859,1914,5,281,0,9,162,,
42101013100,Census Tract 131,322156,0,1709,1694,15,757,2.24,897,15.6,138,417,932,2,141,0,9,70,,
42101000600,Census Tract 6,172652,0,2317,2313,4,1634,1.42,1863,12.3,165,1558,108,4,332,0,29,121,,
42101000701,Census Tract 7.01,140499,0,2722,2672,50,1885,1.42,2208,14.6,160,1904,161,4,398,1,10,84,,
42101000702,Census Tract 7.02,106191,7087,2012,1996,16,1445,1.38,1630,11.3,144,1308,87,1,394,0,8,70,,
42101000801,Census Tract 8.01,99957,12755,1748,1748,0,1053,1.66,1195,11.9,78,1380,58,6,146,0,13,67,,
42101000803,Census Tract 8.03,152822,0,4463,4457,6,3053,1.46,3520,13.3,266,3521,112,2,417,0,39,106,,
42101000805,Census Tract 8.05,72237,0,2587,2461,126,1777,1.38,2110,15.8,167,1903,105,2,271,0,52,87,,
42101000806,Census Tract 8.06,73208,0,2702,2692,10,1843,1.46,2065,10.8,150,2066,89,3,275,0,15,104,,
42101013601,Census Tract 136.01,175316,0,2911,2911,0,1563,1.86,1656,5.6,139,2393,75,0,160,0,16,128,,
42101014400,Census Tract 144,609443,0,5111,5038,73,2526,1.99,2865,11.8,920,3018,595,5,329,3,10,231,,
42101000901,Census Tract 9.01,105511,0,2409,2326,83,1805,1.29,1930,6.5,200,1544,297,3,263,0,20,82,,
42101000902,Census Tract 9.02,155167,0,2842,2334,508,1541,1.51,1668,7.6,97,1822,146,5,668,0,5,99,,
42101008701,Census Tract 87.01,259543,0,4347,4347,0,2131,2.04,2313,7.9,314,2183,550,4,1040,0,39,217,,
42101008702,Census Tract 87.02,283544,0,3441,3358,83,1797,1.87,1921,6.5,216,1644,323,0,1048,0,41,169,,
42101008801,Census Tract 88.01,184674,0,1600,705,895,422,1.67,516,18.2,136,570,137,0,689,2,10,56,,
42101001001,Census Tract 10.01,229399,0,2993,2958,35,1791,1.65,1935,7.4,93,2536,70,3,191,0,14,86,,
42101001002,Census Tract 10.02,471655,0,4651,4340,311,2517,1.72,2892,13,250,3701,263,5,271,0,17,144,,
42101001101,Census Tract 11.01,174011,0,4297,3585,712,2293,1.56,2563,10.5,289,2811,601,10,339,0,48,199,,
42101001102,Census Tract 11.02,204063,0,2800,2792,8,1706,1.64,1823,6.4,198,2121,105,0,237,3,19,117,,
42101009400,Census Tract 94,366714,0,3766,3766,0,1722,2.19,1990,13.5,115,58,3391,1,58,0,17,126,,
42101009500,Census Tract 95,319094,0,3289,3289,0,1259,2.61,1544,18.5,72,17,3047,18,14,0,16,105,,
42101014500,Census Tract 145,321465,0,2718,2049,669,894,2.29,968,7.6,433,640,1284,20,261,2,19,59,,
42101014600,Census Tract 146,445048,0,7477,3510,3967,1505,2.33,1632,7.8,655,2810,2541,13,1149,86,75,148,,
42101009600,Census Tract 96,405273,0,4275,4275,0,1730,2.47,2060,16,113,69,3863,5,58,0,12,155,,
42101009801,Census Tract 98.01,297978,0,2206,2206,0,944,2.34,991,4.7,61,240,1782,0,48,0,6,69,,
42101001201,Census Tract 12.01,327555,30728,3953,3953,0,2083,1.9,2279,8.6,222,3143,76,4,288,0,30,190,,
42101001203,Census Tract 12.03,102414,0,1827,1811,16,1139,1.59,1237,7.9,94,1449,48,0,155,0,11,70,,
42101014700,Census Tract 147,337677,0,4781,4084,697,1759,2.32,2132,17.5,336,1746,1901,2,543,29,29,195,,
42101001204,Census Tract 12.04,206147,0,4014,3840,174,2465,1.56,2828,12.8,207,3100,170,0,354,1,21,161,,
42101001301,Census Tract 13.01,170288,0,1671,1671,0,793,2.11,862,8,76,1000,387,6,122,0,4,76,,
42101001302,Census Tract 13.02,556886,60583,5102,5102,0,2431,2.1,2612,6.9,246,3448,582,0,541,0,21,264,,
42101001400,Census Tract 14,315833,0,4736,4663,73,2428,1.92,2670,9.1,222,3239,697,5,333,0,28,212,,
42101001500,Census Tract 15,239383,0,3338,3338,0,1639,2.04,1774,7.6,199,2235,399,0,342,0,19,144,,
42101001600,Census Tract 16,196389,0,2665,2665,0,1354,1.97,1513,10.5,178,2118,87,1,134,0,18,129,,
42101009802,Census Tract 98.02,613208,0,5495,5488,7,2211,2.48,2314,4.5,151,392,4706,9,69,0,24,144,,
42101001700,Census Tract 17,212721,0,2997,2991,6,1472,2.03,1603,8.2,158,2385,109,4,150,3,34,154,,
42101001800,Census Tract 18,242440,0,3476,3476,0,1683,2.07,1810,7,187,2373,446,5,250,0,32,183,,
42101001900,Census Tract 19,328328,0,4083,4057,26,1933,2.1,2162,10.6,250,2460,812,8,291,0,39,223,,
42101002000,Census Tract 20,290083,0,2537,2537,0,1152,2.2,1313,12.3,166,880,1251,7,130,0,19,84,,
42101002100,Census Tract 21,237519,0,2462,2462,0,1130,2.18,1315,14.1,171,1063,973,6,135,0,7,107,,
42101002200,Census Tract 22,228697,0,2750,2732,18,1309,2.09,1533,14.6,258,1247,939,1,184,0,13,108,,
42101002300,Census Tract 23,212379,0,3043,3043,0,1366,2.23,1487,8.1,385,1974,135,2,393,0,23,131,,
42101002400,Census Tract 24,535423,0,5624,5624,0,2575,2.18,2868,10.2,764,3361,353,10,908,0,34,194,,
42101010000,Census Tract 100,497692,0,4397,4397,0,1751,2.51,1887,7.2,144,262,3804,6,55,0,22,104,,
42101014800,Census Tract 148,191125,0,1099,1099,0,539,2.04,664,18.8,88,53,870,7,40,0,0,41,,
42101014900,Census Tract 149,453220,0,3765,3739,26,1649,2.27,2167,23.9,188,247,3142,12,51,0,7,118,,
42101015101,Census Tract 151.01,193072,0,2217,2197,20,915,2.4,1179,22.4,107,68,1963,8,14,0,7,50,,
42101015800,Census Tract 158,580215,0,6575,6532,43,3127,2.09,3387,7.7,408,5469,120,2,257,5,28,286,,
42101016701,Census Tract 167.01,254216,0,2833,2833,0,1135,2.5,1581,28.2,145,76,2514,3,8,1,12,74,,
42101002500,Census Tract 25,393627,0,4393,4376,17,1929,2.27,2091,7.7,399,2316,1054,4,406,0,27,187,,
42101002701,Census Tract 27.01,224842,0,4200,4194,6,1754,2.39,1960,10.5,858,1861,495,4,796,2,33,151,,
42101002702,Census Tract 27.02,367675,0,4268,4257,11,2004,2.12,2185,8.3,237,3497,119,4,211,0,15,185,,
42101016702,Census Tract 167.02,355103,0,2908,2881,27,1132,2.55,1542,26.6,149,152,2470,4,50,0,11,72,,
42101017500,Census Tract 175,719916,6252,6711,6685,26,2396,2.79,2766,13.4,4667,122,1749,11,56,5,20,81,,
42101002801,Census Tract 28.01,222950,0,4364,4357,7,1689,2.58,1850,8.7,1285,1648,203,2,1069,0,42,115,,
42101003100,Census Tract 31,395912,0,5089,5076,13,2330,2.18,2739,14.9,406,1693,2348,8,395,0,27,212,,
42101028901,Census Tract 289.01,611259,0,3932,3926,6,1309,3,1394,6.1,2653,232,769,0,186,1,21,70,,
42101000101,Census Tract 1.01,351883,0,2329,2325,4,1517,1.53,1699,10.7,130,1791,105,4,200,0,8,91,,
42101002802,Census Tract 28.02,362691,0,5375,5332,43,2343,2.28,2540,7.8,748,3603,69,3,790,0,29,133,,
42101002900,Census Tract 29,370256,0,4351,4351,0,2156,2.02,2348,8.2,316,3487,86,1,259,0,16,186,,
42101003001,Census Tract 30.01,226545,0,4188,4184,4,1671,2.5,1861,10.2,365,1381,573,0,1721,1,12,135,,
42101003002,Census Tract 30.02,226952,0,3529,3529,0,1639,2.15,1841,11,399,1512,1153,4,298,0,11,152,,
42101031900,Census Tract 319,773215,0,5133,5130,3,1790,2.87,1895,5.5,1730,1495,1568,13,158,3,29,137,,
42101003300,Census Tract 33,1063815,96702,6307,6244,63,2538,2.46,2905,12.6,469,1658,3444,31,447,2,23,233,,
42101003600,Census Tract 36,964586,0,6571,6571,0,2674,2.46,2859,6.5,435,1184,3325,6,1403,3,15,200,,
42101003701,Census Tract 37.01,355619,0,6106,6097,9,2381,2.56,2703,11.9,458,1212,3188,18,950,1,51,228,,
42101003702,Census Tract 37.02,247351,0,3678,3678,0,1381,2.66,1506,8.3,278,1021,1403,6,834,0,1,135,,
42101032000,Census Tract 320,680731,0,7327,7327,0,2600,2.82,2699,3.7,2393,2721,1666,7,247,1,51,241,,
42101003902,Census Tract 39.02,452952,0,5697,5697,0,2496,2.28,2664,6.3,211,5048,55,6,202,1,20,154,,
42101004001,Census Tract 40.01,314911,0,4477,4454,23,2057,2.17,2327,11.6,440,3247,105,0,565,2,14,104,,
42101004002,Census Tract 40.02,344839,0,5359,5359,0,2275,2.36,2427,6.3,502,3970,49,0,682,6,20,130,,
42101004101,Census Tract 41.01,374000,0,7166,7153,13,2516,2.84,2821,10.8,1982,1788,923,7,2277,0,22,167,,
42101004104,Census Tract 41.04,201337,0,4561,4561,0,1517,3.01,1613,6,1007,1534,259,5,1614,1,24,117,,
42101004201,Census Tract 42.01,337995,0,5287,5287,0,2237,2.36,2391,6.4,505,3933,188,2,516,0,22,121,,
42101004202,Census Tract 42.02,453345,0,5261,5077,184,1889,2.69,1993,5.2,478,3284,291,1,1033,2,14,158,,
42101005400,Census Tract 54,1846263,530013,1191,1184,7,590,2.01,692,14.7,51,145,866,6,76,1,3,43,,
42101005500,Census Tract 55,1168597,12010,5498,5491,7,2228,2.46,2476,10,187,403,4468,5,285,0,39,111,,
42101005600,Census Tract 56,840413,0,1061,1058,3,508,2.08,589,13.8,68,71,840,4,36,0,8,34,,
42101006000,Census Tract 60,1071395,0,6607,6602,5,2558,2.58,2760,7.3,197,631,5003,9,613,0,25,129,,
42101006100,Census Tract 61,535234,0,3380,3369,11,1176,2.86,1257,6.4,105,273,2561,7,346,2,5,81,,
42101006400,Census Tract 64,642367,16085,4549,4549,0,1526,2.98,1677,9,148,174,3668,9,436,0,8,106,,
42101007400,Census Tract 74,676057,0,4225,4218,7,1731,2.44,2050,15.6,176,508,3202,4,144,7,20,164,,
42101007700,Census Tract 77,322266,0,2302,1681,621,858,1.96,960,10.6,139,1009,517,6,521,2,19,89,,
42101007800,Census Tract 78,426722,0,4358,4212,146,2206,1.91,2390,7.7,339,2551,951,2,282,1,19,213,,
42101007900,Census Tract 79,377951,0,4722,4711,11,2257,2.09,2408,6.3,321,2618,1065,4,401,1,28,284,,
42101008000,Census Tract 80,430891,0,3942,3928,14,1672,2.35,1910,12.5,183,965,2460,8,94,2,41,189,,
42101008200,Census Tract 82,832282,11202,6935,6934,1,2667,2.6,3072,13.2,165,104,6315,39,32,1,66,213,,
42101008301,Census Tract 83.01,510556,6714,4310,3913,397,1765,2.22,1992,11.4,123,286,3620,11,97,2,32,139,,
42101008302,Census Tract 83.02,425236,0,4998,4966,32,1991,2.49,2326,14.4,209,170,4285,11,120,4,25,174,,
42101008400,Census Tract 84,501763,0,4611,4581,30,1788,2.56,2065,13.4,175,97,4061,22,110,0,18,128,,
42101008802,Census Tract 88.02,395055,0,6580,4555,2025,2169,2.1,2356,7.9,588,2673,795,8,2132,4,42,338,,
42101009000,Census Tract 90,525631,0,7694,4245,3449,1989,2.13,2338,14.9,562,4668,722,5,1535,0,25,177,,
42101009100,Census Tract 91,425574,0,3934,3891,43,2167,1.8,2520,14,220,1457,1161,3,921,2,25,145,,
42101009200,Census Tract 92,512010,0,3974,3969,5,1740,2.28,1922,9.5,249,841,2133,6,560,4,18,163,,
42101009300,Census Tract 93,401596,0,4261,4261,0,1817,2.35,2266,19.8,173,189,3649,8,53,0,34,155,,
42101010500,Census Tract 105,657748,0,3363,3002,361,1346,2.23,1483,9.2,107,90,2939,16,69,5,18,119,,
42101010600,Census Tract 106,265467,0,1476,1388,88,637,2.18,781,18.4,66,81,1169,8,92,0,4,56,,
42101010700,Census Tract 107,461045,0,3479,3455,24,1429,2.42,1711,16.5,131,189,2945,10,47,0,14,143,,
42101010800,Census Tract 108,585732,0,3936,3930,6,1685,2.33,2014,16.3,165,514,2913,5,192,6,28,113,,
42101011500,Census Tract 115,370456,0,4104,4092,12,1638,2.5,1756,6.7,132,227,3602,6,20,0,26,91,,
42101010900,Census Tract 109,286242,0,2641,2641,0,1160,2.28,1330,12.8,107,643,1585,7,201,0,16,82,,
42101011000,Census Tract 110,508471,0,3378,3334,44,1529,2.18,1900,19.5,141,163,2941,4,13,4,11,101,,
42101011100,Census Tract 111,1301617,0,3537,3505,32,1504,2.33,1799,16.4,132,60,3223,9,14,0,14,85,,
42101011200,Census Tract 112,503153,0,5598,5598,0,2108,2.66,2435,13.4,170,44,5166,19,30,0,17,152,,
42101011300,Census Tract 113,335526,0,2834,2834,0,1203,2.36,1364,11.8,67,22,2655,5,5,1,7,72,,
42101011900,Census Tract 119,690906,0,5016,4990,26,2243,2.22,2680,16.3,130,176,4442,6,80,0,16,166,,
42101012000,Census Tract 120,600670,0,1943,1498,445,692,2.16,772,10.4,107,524,1023,7,211,0,6,65,,
42101012100,Census Tract 121,876796,5378,2817,2473,344,1368,1.81,1478,7.4,99,625,1818,6,128,1,42,98,,
42101012201,Census Tract 122.01,376738,2325,2893,2886,7,2125,1.36,2450,13.3,177,873,1340,6,361,0,21,115,,
42101012203,Census Tract 122.03,227696,0,658,658,0,472,1.39,780,39.5,32,273,141,0,155,0,1,56,,
42101012204,Census Tract 122.04,879459,56473,3694,3380,314,1993,1.7,2164,7.9,155,632,2587,3,149,5,16,147,,
42101013200,Census Tract 132,426669,0,3221,2984,237,1422,2.1,1513,6,259,631,1847,11,382,0,4,87,,
42101013300,Census Tract 133,357932,0,4057,3958,99,2215,1.79,2412,8.2,333,2238,893,15,312,1,23,242,,
42101013401,Census Tract 134.01,164058,0,2971,2967,4,1792,1.66,1873,4.3,142,2442,112,0,154,3,9,109,,
42101013402,Census Tract 134.02,238612,0,3635,3632,3,2072,1.75,2216,6.5,390,2478,396,0,229,0,8,134,,
42101013500,Census Tract 135,404892,0,4252,4252,0,1911,2.23,2107,9.3,332,2726,832,2,169,0,17,174,,
42101013602,Census Tract 136.02,246812,0,3776,3772,4,1912,1.97,2015,5.1,187,2977,228,7,188,0,35,154,,
42101013701,Census Tract 137.01,264473,0,2122,2122,0,1160,1.83,1331,12.8,147,948,764,0,146,0,9,108,,
42101013702,Census Tract 137.02,325261,0,3913,3883,30,1821,2.13,2196,17.1,236,1495,1876,9,100,0,9,188,,
42101013800,Census Tract 138,341257,0,2126,2126,0,999,2.13,1226,18.5,146,536,1294,1,47,0,15,87,,
42101013900,Census Tract 139,562937,0,2520,2205,315,1051,2.1,1264,16.9,159,537,1658,8,59,0,11,88,,
42101014000,Census Tract 140,439804,0,5456,5397,59,2670,2.02,3124,14.5,392,1905,2214,1,628,4,46,266,,
42101014100,Census Tract 141,562140,0,3088,2548,540,1258,2.03,1345,6.5,439,781,1531,0,243,2,9,83,,
42101014201,Census Tract 142.01,290725,0,3497,3493,4,1705,2.05,1823,6.5,274,2596,219,2,210,2,17,177,,
42101014202,Census Tract 142.02,514671,305265,2309,2304,5,1279,1.8,1428,10.4,173,1623,136,4,274,2,12,85,,
42101014300,Census Tract 143,570961,282807,1937,1937,0,952,2.03,1059,10.1,117,1561,53,2,124,0,4,76,,
42101015102,Census Tract 151.02,556564,0,4154,4143,11,1859,2.23,2267,18,180,79,3714,7,21,0,17,136,,
42101015200,Census Tract 152,669100,0,5509,5467,42,1921,2.85,2360,18.6,286,170,4779,19,42,0,45,168,,
42101015300,Census Tract 153,469148,0,7943,5826,2117,2154,2.7,2681,19.7,560,3552,2875,19,584,41,96,216,,
42101015600,Census Tract 156,429566,0,1902,1902,0,827,2.3,991,16.5,916,489,362,6,56,1,6,66,,
42101015700,Census Tract 157,485072,0,2924,2924,0,1322,2.21,1473,10.3,1032,1414,209,0,109,0,25,135,,
42101016001,Census Tract 160.01,330018,0,2695,2684,11,1188,2.26,1298,8.5,174,2247,67,0,87,0,12,108,,
42101016002,Census Tract 160.02,391013,0,4236,4235,1,1944,2.18,2170,10.4,325,3437,114,7,168,2,14,169,,
42101016100,Census Tract 161,707749,0,6583,6454,129,2914,2.21,3294,11.5,1107,3903,419,5,781,2,63,303,,
42101016200,Census Tract 162,364983,0,2078,2078,0,829,2.51,930,10.9,1351,241,390,3,51,0,17,25,,
42101016300,Census Tract 163,572226,0,3243,3097,146,1111,2.79,1291,13.9,2231,222,525,0,215,1,6,43,,
42101016400,Census Tract 164,485081,0,4181,4181,0,1531,2.73,1701,10,2451,80,1510,2,38,7,13,80,,
42101016500,Census Tract 165,394661,0,2477,2476,1,970,2.55,1187,18.3,363,48,1955,5,19,0,5,82,,
42101016600,Census Tract 166,261132,0,1838,1808,30,847,2.13,1070,20.8,186,298,1172,2,101,3,8,68,,
42101016800,Census Tract 168,581132,0,3565,3547,18,1456,2.44,1878,22.5,128,50,3208,16,14,0,27,122,,
42101016901,Census Tract 169.01,512906,0,3125,3070,55,1291,2.38,1598,19.2,120,59,2838,9,8,4,10,77,,
42101016902,Census Tract 169.02,563694,0,5030,5030,0,2085,2.41,2625,20.6,166,48,4626,15,23,5,4,143,,
42101017000,Census Tract 170,1571911,53598,3126,2892,234,1510,1.92,1668,9.5,175,750,1945,4,124,3,20,105,,
42101017100,Census Tract 171,1140891,0,3722,3722,0,1564,2.38,1813,13.7,158,47,3409,2,13,3,1,89,,
42101017201,Census Tract 172.01,262958,0,2903,2882,21,1250,2.31,1534,18.5,102,30,2674,4,10,0,5,78,,
42101017202,Census Tract 172.02,290610,0,3729,3729,0,1549,2.41,1923,19.4,151,40,3426,2,11,0,5,94,,
42101017300,Census Tract 173,874587,0,2872,2866,6,1239,2.31,1561,20.6,115,31,2594,7,25,0,17,83,,
42101017400,Census Tract 174,353985,0,2307,2258,49,908,2.49,1090,16.7,292,36,1879,1,19,0,16,64,,
42101017601,Census Tract 176.01,579128,0,5027,5010,17,1882,2.66,2123,11.4,4344,139,425,0,47,2,11,59,,
42101017602,Census Tract 176.02,400461,0,3573,3469,104,1243,2.79,1420,12.5,2832,139,519,4,33,0,9,37,,
42101017701,Census Tract 177.01,241053,0,3552,3357,195,1099,3.05,1374,20,2098,301,983,0,93,2,18,57,,
42101017702,Census Tract 177.02,489257,0,4582,4560,22,1607,2.84,1852,13.2,3372,324,719,0,94,2,25,46,,
42101019000,Census Tract 190,778606,6099,7806,7783,23,2517,3.09,2661,5.4,4972,811,1377,16,452,2,61,115,,
42101017800,Census Tract 178,662615,0,6246,5986,260,2146,2.79,2621,18.1,3212,1160,1491,9,164,0,31,179,,
42101017900,Census Tract 179,714138,0,6152,6152,0,2183,2.82,2519,13.3,2315,2202,1163,13,149,2,35,273,,
42101018001,Census Tract 180.01,387384,0,2485,2483,2,1112,2.23,1239,10.3,298,1943,77,3,60,0,7,97,,
42101018002,Census Tract 180.02,439791,0,5439,5433,6,2409,2.26,2660,9.4,394,4642,125,1,68,0,17,192,,
42101019100,Census Tract 191,1439046,10674,8237,8209,28,2737,3,2832,3.4,5455,907,742,2,987,0,29,115,,
42101018300,Census Tract 183,1799320,124644,4326,4322,4,1689,2.56,1790,5.6,189,3928,31,0,24,1,18,135,,
42101018400,Census Tract 184,1320285,998924,2278,2278,0,844,2.7,917,8,96,2047,10,12,10,0,19,84,,
42101018801,Census Tract 188.01,411225,0,4445,4341,104,1519,2.86,1679,9.5,2273,859,1093,8,71,0,25,116,,
42101018802,Census Tract 188.02,252066,0,3570,3535,35,1174,3.01,1315,10.7,1806,581,1023,9,31,0,16,104,,
42101019200,Census Tract 192,668236,0,7661,7652,9,2503,3.06,2826,11.4,5164,667,1403,7,266,0,30,124,,
42101019501,Census Tract 195.01,393883,0,4689,4659,30,1657,2.81,1829,9.4,3925,166,503,1,34,1,26,33,,
42101019502,Census Tract 195.02,370299,0,3494,3494,0,1210,2.89,1339,9.6,2870,129,412,4,32,0,10,37,,
42101019700,Census Tract 197,450587,0,6416,6410,6,2160,2.97,2374,9,4353,145,1700,8,91,0,22,97,,
42101020701,Census Tract 207.01,625472,33771,3863,3833,30,1934,1.98,2048,5.6,219,2924,351,3,152,5,15,194,,
42101019800,Census Tract 198,540315,0,5763,5763,0,1987,2.9,2243,11.4,3709,82,1727,3,159,0,20,63,,
42101019900,Census Tract 199,661885,0,4389,4387,2,1538,2.85,1779,13.5,2598,70,1610,7,20,0,2,82,,
42101020000,Census Tract 200,316769,0,1277,1256,21,575,2.18,792,27.4,139,65,946,6,68,0,7,46,,
42101020101,Census Tract 201.01,483579,0,3750,3726,24,1705,2.19,2126,19.8,261,140,3126,19,81,1,21,101,,
42101020102,Census Tract 201.02,373023,0,3490,3490,0,1421,2.46,1752,18.9,228,59,3055,9,37,3,23,76,,
42101020200,Census Tract 202,756812,0,4932,4832,100,2073,2.33,2582,19.7,263,125,4376,14,9,0,9,136,,
42101020300,Census Tract 203,508186,0,2786,2710,76,1094,2.48,1336,18.1,397,75,2154,9,13,0,38,100,,
42101020400,Census Tract 204,407373,0,3052,3052,0,1148,2.66,1368,16.1,172,42,2699,7,31,0,20,81,,
42101020500,Census Tract 205,1429513,0,2728,2694,34,1270,2.12,1458,12.9,160,51,2347,6,57,0,24,83,,
42101020600,Census Tract 206,1295909,56782,2043,1647,396,936,1.76,1008,7.1,145,1013,633,2,151,2,22,75,,
42101020702,Census Tract 207.02,799191,60259,2464,1912,552,939,2.04,979,4.1,166,1521,485,0,188,4,2,98,,
42101020800,Census Tract 208,895387,0,2490,2143,347,1419,1.51,1591,10.8,165,1264,719,6,176,5,16,139,,
42101020900,Census Tract 209,521767,35427,3165,3146,19,1521,2.07,1650,7.8,173,2448,224,4,139,0,13,164,,
42101021000,Census Tract 210,858218,55718,5470,5458,12,2698,2.02,2960,8.9,294,4399,306,4,204,1,42,220,,
42101021100,Census Tract 211,554014,0,2656,2639,17,1244,2.12,1326,6.2,190,1976,241,4,133,3,6,103,,
42101033000,Census Tract 330,733440,0,8213,8197,16,2777,2.95,2925,5.1,2146,3295,2009,11,337,9,97,309,,
42101021200,Census Tract 212,515705,0,2423,2389,34,1152,2.07,1220,5.6,113,1829,284,0,87,0,8,102,,
42101021300,Census Tract 213,538872,0,3573,3550,23,1676,2.12,1798,6.8,205,2898,238,0,85,0,15,132,,
42101021400,Census Tract 214,606692,55277,4217,4213,4,2122,1.99,2294,7.5,258,3345,275,9,135,1,21,173,,
42101021500,Census Tract 215,1004126,24008,4135,4132,3,2008,2.06,2168,7.4,189,3282,293,5,164,1,13,188,,
42101022000,Census Tract 220,2913179,99558,1446,1357,89,658,2.06,706,6.8,30,1132,155,0,82,0,8,39,,
42101021600,Census Tract 216,1991449,129204,2251,2237,14,1122,1.99,1203,6.7,106,1539,318,7,147,0,19,115,,
42101021700,Census Tract 217,1559580,0,5783,5770,13,2536,2.28,2651,4.3,318,4292,676,10,241,0,37,209,,
42101021800,Census Tract 218,1006008,0,4424,4417,7,2220,1.99,2373,6.4,299,2541,1156,5,194,0,19,210,,
42101021900,Census Tract 219,1410069,51091,1492,1484,8,711,2.09,744,4.4,61,1155,117,2,82,0,9,66,,
42101023500,Census Tract 235,799347,0,1108,1101,7,537,2.05,584,8,63,665,282,0,41,0,5,52,,
42101023600,Census Tract 236,978079,0,2698,2537,161,1172,2.16,1245,5.9,115,1516,831,4,59,1,24,148,,
42101023700,Census Tract 237,1072974,0,4850,4630,220,2289,2.02,2477,7.6,210,1572,2675,4,82,0,24,283,,
42101023800,Census Tract 238,781630,0,4441,4345,96,2132,2.04,2391,10.8,236,1433,2426,5,59,2,31,249,,
42101023900,Census Tract 239,486021,2705,1857,1857,0,1303,1.43,1363,4.4,121,550,905,4,179,0,15,83,,
42101024300,Census Tract 243,679034,0,3878,3867,11,1781,2.17,1982,10.1,215,446,2979,10,50,3,27,148,,
42101024400,Census Tract 244,421189,0,3152,3149,3,1214,2.59,1374,11.6,124,162,2685,8,7,5,22,139,,
42101024500,Census Tract 245,800999,0,4251,4046,205,1627,2.49,2005,18.9,203,224,3623,9,34,0,20,138,,
42101024600,Census Tract 246,621261,0,2956,2789,167,1135,2.46,1337,15.1,147,172,2488,4,25,4,24,92,,
42101024700,Census Tract 247,941266,0,4489,4413,76,1731,2.55,1986,12.8,196,266,3775,18,22,0,44,168,,
42101025200,Census Tract 252,952424,0,7267,7029,238,2873,2.45,3240,11.3,280,475,6142,28,36,3,50,253,,
42101025300,Census Tract 253,581298,0,3859,3859,0,1671,2.31,1928,13.3,135,380,3048,14,46,0,33,203,,
42101025400,Census Tract 254,769759,0,4152,4144,8,1912,2.17,2022,5.4,136,420,3365,9,41,0,24,157,,
42101025500,Census Tract 255,766601,0,2667,2636,31,1139,2.31,1212,6,131,1044,1259,7,47,1,14,164,,
42101025600,Census Tract 256,865284,1982,2609,2465,144,1163,2.12,1224,5,120,1303,984,4,51,1,16,130,,
42101025800,Census Tract 258,586720,0,1663,1663,0,773,2.15,803,3.7,64,58,1454,4,11,0,4,68,,
42101025900,Census Tract 259,549417,0,4674,4674,0,2085,2.24,2179,4.3,97,76,4302,14,15,0,53,117,,
42101026000,Census Tract 260,543433,0,2850,2849,1,1220,2.34,1271,4,68,32,2615,3,27,0,13,92,,
42101026100,Census Tract 261,649365,0,3060,3036,24,1452,2.09,1512,4,69,60,2785,15,14,0,16,101,,
42101026200,Census Tract 262,555958,0,4076,4064,12,1807,2.25,1922,6,95,64,3791,9,9,2,22,84,,
42101026301,Census Tract 263.01,406340,0,3726,3701,25,1546,2.39,1656,6.6,84,46,3463,5,9,0,40,79,,
42101026302,Census Tract 263.02,704112,0,5353,5347,6,2142,2.5,2288,6.4,149,63,4916,18,38,2,27,140,,
42101026400,Census Tract 264,796819,0,5199,5195,4,2194,2.37,2306,4.9,102,55,4829,11,10,0,23,169,,
42101026500,Census Tract 265,545961,0,4285,4285,0,1767,2.43,1968,10.2,95,40,3981,17,0,0,15,137,,
42101026600,Census Tract 266,912763,0,6409,6404,5,2507,2.55,2713,7.6,134,49,6013,10,26,0,24,153,,
42101026700,Census Tract 267,644274,0,6617,6602,15,2582,2.56,2886,10.5,227,72,6125,10,25,0,35,123,,
42101026800,Census Tract 268,774267,0,4651,4312,339,1996,2.16,2215,9.9,305,221,3813,9,104,1,17,181,,
42101026900,Census Tract 269,614685,0,2231,1946,285,746,2.61,801,6.9,188,314,1595,5,72,1,11,45,,
42101027000,Census Tract 270,642216,0,2270,2255,15,950,2.37,1007,5.7,130,202,1724,5,115,0,16,78,,
42101027100,Census Tract 271,372281,39344,2353,2340,13,920,2.54,962,4.4,206,94,1451,2,542,0,8,50,,
42101027200,Census Tract 272,679047,408,4256,4248,8,1829,2.32,1929,5.2,402,151,3259,11,291,0,36,106,,
42101027300,Census Tract 273,938006,6986,5951,5951,0,2080,2.86,2202,5.5,1219,220,3041,10,1292,0,42,127,,
42101027401,Census Tract 274.01,326659,0,3298,3294,4,1190,2.77,1292,7.9,567,151,1712,1,781,0,24,62,,
42101027402,Census Tract 274.02,511360,0,6499,6499,0,2261,2.87,2418,6.5,1237,317,3804,12,925,0,35,169,,
42101027500,Census Tract 275,611452,0,4503,4499,4,1631,2.76,1752,6.9,608,256,2954,12,528,0,50,95,,
42101027600,Census Tract 276,658885,0,3546,3544,2,1618,2.19,1818,11,195,102,3105,10,29,0,33,72,,
42101027700,Census Tract 277,543126,0,4918,4918,0,2178,2.26,2415,9.8,162,65,4360,17,196,2,16,100,,
42101027800,Census Tract 278,724987,0,4655,4636,19,2083,2.23,2374,12.3,169,68,4184,9,57,4,24,140,,
42101027901,Census Tract 279.01,415780,0,3796,3784,12,1491,2.54,1687,11.6,124,36,3449,17,13,0,33,124,,
42101027902,Census Tract 279.02,889786,0,3572,2167,1405,963,2.25,1118,13.9,357,902,1978,17,201,0,23,94,,
42101028000,Census Tract 280,718347,0,4180,4155,25,1702,2.44,1947,12.6,260,51,3711,5,17,1,16,119,,
42101028100,Census Tract 281,503541,0,3362,3312,50,1347,2.46,1517,11.2,191,80,2931,9,44,0,14,93,,
42101028200,Census Tract 282,855786,0,4696,4660,36,2028,2.3,2261,10.3,305,158,3846,8,256,3,20,100,,
42101028300,Census Tract 283,673069,0,6294,6145,149,2367,2.6,2875,17.7,566,144,4932,1,410,7,47,187,,
42101028400,Census Tract 284,492492,0,3811,3810,1,1318,2.89,1439,8.4,977,49,2606,13,52,0,33,81,,
42101028500,Census Tract 285,258296,0,2303,2303,0,836,2.75,905,7.6,908,68,1022,1,250,0,10,44,,
42101028600,Census Tract 286,666562,0,6668,6668,0,2232,2.99,2394,6.8,2690,187,3102,6,540,0,26,117,,
42101028700,Census Tract 287,384526,0,2371,2371,0,803,2.95,896,10.4,1762,58,461,2,36,0,7,45,,
42101028800,Census Tract 288,492828,0,4251,4251,0,1381,3.08,1514,8.8,2701,249,913,7,271,0,31,79,,
42101028902,Census Tract 289.02,810472,17644,6047,5987,60,1908,3.14,2039,6.4,3644,413,1469,2,410,0,31,78,,
42101029000,Census Tract 290,773393,9535,6195,6192,3,2107,2.94,2240,5.9,2269,336,2418,8,996,0,43,125,,
42101029300,Census Tract 293,685583,9747,3026,2966,60,1073,2.76,1240,13.5,1217,609,1017,14,42,5,32,90,,
42101029100,Census Tract 291,1316903,17180,4826,4826,0,1623,2.97,1716,5.4,1676,253,1660,5,1091,0,8,133,,
42101029200,Census Tract 292,1745920,28444,4205,4183,22,1401,2.99,1482,5.5,1971,449,1353,2,303,0,9,118,,
42101029900,Census Tract 299,591446,0,4617,4614,3,1600,2.88,1770,9.6,1749,637,1981,11,82,0,26,131,,
42101030000,Census Tract 300,910853,0,7402,7278,124,2687,2.71,3108,13.5,2032,870,3972,28,163,0,55,282,,
42101030100,Census Tract 301,725114,0,6215,6156,59,2434,2.53,2662,8.6,1666,1012,3130,18,97,0,52,240,,
42101030200,Census Tract 302,901714,0,7431,7400,31,2545,2.91,2712,6.2,2499,1019,3485,28,201,2,46,151,,
42101030501,Census Tract 305.01,377375,0,5450,5442,8,1900,2.86,2027,6.3,1538,490,2807,9,413,2,42,149,,
42101030502,Census Tract 305.02,699364,0,5847,5829,18,2028,2.87,2129,4.7,1455,707,3042,15,428,5,19,176,,
42101030600,Census Tract 306,1007764,0,7142,7011,131,2795,2.51,3035,7.9,1837,2084,2522,5,466,4,36,188,,
42101030700,Census Tract 307,655249,0,3743,3684,59,1624,2.27,1749,7.1,824,1227,1310,1,212,0,40,129,,
42101030800,Census Tract 308,795704,0,5138,5119,19,1762,2.91,1817,3,952,1719,1218,20,952,0,55,222,,
42101030900,Census Tract 309,644878,0,4137,4137,0,1369,3.02,1459,6.2,992,687,1643,0,641,0,54,120,,
42101031000,Census Tract 310,1063414,0,7266,7252,14,2262,3.21,2335,3.1,1670,1654,1559,10,1908,23,144,298,,
42101031101,Census Tract 311.01,349649,0,5194,5194,0,1636,3.17,1726,5.2,1584,680,2066,4,591,0,112,157,,
42101031102,Census Tract 311.02,398109,0,4618,4618,0,1464,3.15,1535,4.6,1398,481,2225,8,334,0,59,113,,
42101031200,Census Tract 312,383593,0,4804,4804,0,1645,2.92,1726,4.7,1382,622,2120,12,459,0,65,144,,
42101031402,Census Tract 314.02,521131,0,5956,5954,2,1849,3.22,1915,3.4,1504,1166,711,3,2115,0,184,273,,
42101031501,Census Tract 315.01,587249,0,7381,7381,0,2394,3.08,2507,4.5,1527,3061,630,8,1753,0,157,245,,
42101031502,Census Tract 315.02,621108,0,4746,4725,21,1590,2.97,1667,4.6,971,1681,457,3,1167,0,269,198,,
42101031600,Census Tract 316,731130,0,6729,6716,13,2190,3.07,2304,4.9,1692,2417,868,8,1353,0,152,239,,
42101031700,Census Tract 317,889536,0,6597,6596,1,2295,2.87,2413,4.9,2189,1808,1511,10,707,4,106,262,,
42101032100,Census Tract 321,552925,0,3985,3974,11,1530,2.6,1657,7.7,1238,1393,1054,13,125,1,23,138,,
42101032300,Census Tract 323,600044,0,4078,4078,0,1534,2.66,1620,5.3,1255,1333,1168,11,69,0,46,196,,
42101032500,Census Tract 325,839319,0,6210,6197,13,2376,2.61,2555,7,1527,2610,1607,14,168,4,41,239,,
42101032600,Census Tract 326,809320,0,7761,7751,10,2628,2.95,2771,5.2,1993,3386,1610,11,402,2,82,275,,
42101032900,Census Tract 329,922923,10049,4431,4404,27,1835,2.4,1946,5.7,991,1904,1113,9,175,0,41,198,,
42101033101,Census Tract 331.01,486948,0,5398,5398,0,1883,2.87,1995,5.6,909,2963,674,0,527,0,91,234,,
42101033102,Census Tract 331.02,719269,0,4478,4410,68,1818,2.43,1895,4.1,809,2756,533,12,152,0,53,163,,
42101033200,Census Tract 332,842716,0,3292,3292,0,1002,3.29,1046,4.2,523,1289,247,6,947,0,154,126,,
42101033300,Census Tract 333,1073385,0,4339,3932,407,1796,2.19,1898,5.4,437,2763,532,3,425,1,70,108,,
42101033400,Census Tract 334,1136240,0,5447,5238,209,2010,2.61,2116,5,701,2226,796,5,1289,2,153,275,,
42101033500,Census Tract 335,943012,0,4214,4204,10,1490,2.82,1548,3.7,657,1580,556,2,1079,1,117,222,,
42101033600,Census Tract 336,1153470,0,8155,8129,26,3145,2.58,3287,4.3,1045,4176,1070,6,1079,0,243,536,,
42101033701,Census Tract 337.01,971971,0,5672,5624,48,2391,2.35,2505,4.6,598,3181,613,0,777,3,109,391,,
42101033702,Census Tract 337.02,1057801,0,5679,5673,6,2034,2.79,2112,3.7,590,3023,568,10,1089,0,107,292,,
42101033800,Census Tract 338,1400214,0,6285,6260,25,2580,2.43,2754,6.3,978,3444,959,7,518,0,117,262,,
42101034100,Census Tract 341,1338392,0,5829,5810,19,2593,2.24,2727,4.9,547,4364,491,3,218,0,24,182,,
42101034200,Census Tract 342,1237805,0,3732,3637,95,1702,2.14,1838,7.4,236,2684,438,3,270,0,21,80,,
42101034400,Census Tract 344,3419032,13905,7814,7629,185,2809,2.72,2865,2,483,5293,400,8,1447,0,24,159,,
42101034501,Census Tract 345.01,447469,0,3783,3779,4,1912,1.98,1965,2.7,340,1974,633,4,647,1,40,144,,
42101034600,Census Tract 346,1855725,3687,2840,2828,12,1427,1.98,1495,4.5,360,1136,786,3,458,0,17,80,,
42101034701,Census Tract 347.01,1148286,57,6736,6729,7,2478,2.72,2574,3.7,798,3366,963,18,1266,2,90,233,,
42101034702,Census Tract 347.02,1032346,0,3896,3888,8,1466,2.65,1507,2.7,390,2695,366,2,295,0,39,109,,
42101035100,Census Tract 351,997445,666022,4268,4154,114,2506,1.66,2648,5.4,226,3492,284,4,126,1,20,115,,
42101034801,Census Tract 348.01,1385962,5188,4553,4543,10,1987,2.29,2052,3.2,411,3561,332,4,99,1,20,125,,
42101034802,Census Tract 348.02,1232182,8015,5570,5536,34,2245,2.47,2337,3.9,773,2914,1400,10,197,0,50,226,,
42101034803,Census Tract 348.03,1271528,8028,4516,4507,9,1811,2.49,1885,3.9,413,3323,358,8,236,1,31,146,,
42101034900,Census Tract 349,1944025,8263,5740,5720,20,2247,2.55,2340,4,1043,2644,1323,11,435,1,36,247,,
42101035500,Census Tract 355,2290052,1067,8239,8205,34,3117,2.63,3215,3,592,5105,473,6,1681,0,52,330,,
42101035200,Census Tract 352,1850925,14613,4871,4654,217,1958,2.38,2058,4.9,288,3890,252,2,297,3,34,105,,
42101035601,Census Tract 356.01,2029700,12503,5794,5445,349,2240,2.43,2354,4.8,325,4102,145,5,1014,0,29,174,,
42101035602,Census Tract 356.02,1394857,1871,3693,3604,89,1308,2.76,1329,1.6,195,2197,213,3,987,0,19,79,,
42101035701,Census Tract 357.01,598633,718,5528,5521,7,2091,2.64,2165,3.4,271,2454,257,7,2060,1,36,442,,
42101035301,Census Tract 353.01,1398722,13466,5260,5228,32,2006,2.61,2081,3.6,451,4081,317,6,203,1,26,175,,
42101035302,Census Tract 353.02,1498641,17290,4719,4701,18,1996,2.36,2099,4.9,441,3355,491,13,210,0,8,201,,
42101035702,Census Tract 357.02,1559150,0,5181,5175,6,2022,2.56,2110,4.2,179,3700,131,1,822,2,22,324,,
42101035800,Census Tract 358,1757642,2013,6282,6244,38,2336,2.67,2399,2.6,336,4280,338,10,1063,1,28,226,,
42101035900,Census Tract 359,2244712,2511,5361,5344,17,2199,2.43,2251,2.3,355,3691,215,7,918,3,30,142,,
42101036000,Census Tract 360,2043080,638,3247,2954,293,1186,2.49,1233,3.8,179,1634,285,6,1044,2,9,88,,
42101039002,Census Tract 390.02,1087570,0,4421,4414,7,1446,3.05,1546,6.5,1493,395,2238,9,156,0,15,115,,
42101036100,Census Tract 361,1205996,7044,4029,4014,15,1552,2.59,1626,4.6,483,2648,601,8,126,0,28,135,,
42101036201,Census Tract 362.01,1031927,15195,5093,5090,3,2133,2.39,2203,3.2,461,3928,402,16,136,4,24,122,,
42101036202,Census Tract 362.02,1102852,2329,6191,6177,14,2346,2.63,2429,3.4,457,4722,528,4,298,0,20,162,,
42101036400,Census Tract 364,4512446,8107,971,676,295,351,1.93,357,1.7,69,721,126,2,29,0,3,21,,
42101036203,Census Tract 362.03,1532105,1401,5134,5134,0,1883,2.73,1928,2.3,364,4187,199,3,259,1,14,107,,
42101036303,Census Tract 363.03,2556620,4141,6695,6695,0,2466,2.71,2517,2,455,5565,186,5,242,6,16,220,,
42101036301,Census Tract 363.01,2409454,5442,3843,3843,0,1374,2.8,1420,3.2,354,2613,226,7,517,0,27,99,,
42101036302,Census Tract 363.02,520968,0,3712,3705,7,1312,2.82,1355,3.2,603,2128,662,3,170,0,17,129,,
42101036501,Census Tract 365.01,1816210,7169,5698,5559,139,2423,2.29,2520,3.8,353,4008,501,5,580,0,29,222,,
42101036502,Census Tract 365.02,1733146,0,4130,4123,7,1522,2.71,1549,1.7,248,3405,135,7,187,0,11,137,,
42101036600,Census Tract 366,1150250,1548489,2171,2166,5,1212,1.79,1409,14,159,1539,128,4,251,0,10,80,,
42101036700,Census Tract 367,729908,0,3856,3856,0,1949,1.98,2065,5.6,257,2691,363,2,322,0,27,194,,
42101036901,Census Tract 369.01,973722,113282,4,4,0,3,1.33,4,25,2,2,0,0,0,0,0,0,,
42101036902,Census Tract 369.02,883507,49251,6598,3342,3256,1452,2.3,1584,8.3,539,2645,766,8,2258,3,66,313,,
42101037200,Census Tract 372,1027185,0,4524,4513,11,1799,2.51,1919,6.3,377,2576,240,1,1211,0,22,97,,
42101037700,Census Tract 377,736880,0,4583,3695,888,1534,2.41,1899,19.2,809,1381,1953,13,265,1,32,129,,
42101037300,Census Tract 373,2597399,135359,5913,5836,77,2670,2.19,2811,5,265,4464,573,11,521,0,27,52,,
42101037500,Census Tract 375,1033282,1496,4074,3298,776,1449,2.28,1638,11.5,199,1990,1539,0,181,1,30,134,,
42101037600,Census Tract 376,694156,0,3664,3365,299,1823,1.85,2076,12.2,422,1609,590,6,845,0,20,172,,
42101037800,Census Tract 378,3764033,1907950,2389,2375,14,1113,2.13,1244,10.5,233,1848,100,11,91,0,13,93,,
42101037900,Census Tract 379,1400253,11282,5313,5294,19,2302,2.3,2487,7.4,338,4575,109,1,115,2,20,153,,
42101038000,Census Tract 380,874362,7008,2502,2493,9,930,2.68,1009,7.8,816,1241,285,3,50,1,18,88,,
42101039001,Census Tract 390.01,943337,0,3979,3975,4,1362,2.92,1409,3.3,1191,401,2139,5,112,6,31,94,,
42101038100,Census Tract 381,3322102,1644074,753,733,20,289,2.54,321,10,218,323,181,1,7,0,5,18,,
42101038200,Census Tract 382,1828675,13220,2801,2785,16,1028,2.71,1158,11.2,929,1328,395,3,47,1,6,92,,
42101038301,Census Tract 383.01,753750,0,2663,2298,365,860,2.67,983,12.5,1815,206,592,0,8,0,10,32,,
42101038400,Census Tract 384,2590560,0,2411,2401,10,982,2.45,1018,3.5,108,1886,204,0,104,0,14,95,,
42101038500,Census Tract 385,1341998,2576,1855,1830,25,925,1.98,976,5.2,82,1579,65,2,63,0,10,54,,
42101038800,Census Tract 388,1390293,4751,3883,3844,39,1845,2.08,1986,7.1,178,2249,1061,2,103,5,31,254,,
42101038900,Census Tract 389,1280554,0,2988,2780,208,1293,2.15,1372,5.8,79,110,2673,8,19,2,11,86,,
42101038600,Census Tract 386,3310650,32074,1338,1338,0,570,2.35,609,6.4,67,1034,122,0,55,0,5,55,,
42101038700,Census Tract 387,2051448,22042,2249,1697,552,731,2.32,789,7.4,138,1725,259,2,44,1,41,39,,
42101039100,Census Tract 391,1119799,133239,2577,2577,0,1028,2.51,1100,6.5,109,63,2267,7,12,1,27,91,,
42101980001,Census Tract 9800.01,2526129,693368,3,3,0,6,0.5,6,0,0,3,0,0,0,0,0,0,,
42101980002,Census Tract 9800.02,5919457,564570,12,12,0,11,1.09,12,8.3,6,2,2,0,2,0,0,0,,
42101980003,Census Tract 9800.03,454315,62922,21,0,21,0,-88888,0,-88888,0,0,19,0,0,0,0,2,,
42101980300,Census Tract 9803,7596033,22736,3,3,0,3,1,3,0,0,2,0,0,0,0,0,1,,
42101980701,Census Tract 9807.01,3552223,561283,0,0,0,0,-88888,0,-88888,0,0,0,0,0,0,0,0,,
42101980702,Census Tract 9807.02,2245124,1018705,9,8,1,0,-88888,2,100,4,0,4,0,0,0,0,1,,
42101980800,Census Tract 9808,2103934,43822,13,13,0,2,6.5,6,66.7,3,4,3,0,0,0,0,3,,
42101980100,Census Tract 9801,5343127,241115,52,52,0,22,2.36,26,15.4,3,37,9,0,0,0,0,3,,
42101980200,Census Tract 9802,4916641,250846,336,89,247,13,6.85,13,0,23,274,32,2,3,0,0,2,,
42101980400,Census Tract 9804,2954730,11766,0,0,0,0,-88888,0,-88888,0,0,0,0,0,0,0,0,,
42101980500,Census Tract 9805,416088,0,2,2,0,0,-88888,1,100,2,0,0,0,0,0,0,0,,
42101980600,Census Tract 9806,1286762,0,2,2,0,1,2,1,0,2,0,0,0,0,0,0,0,,
42101980901,Census Tract 9809.01,11195484,2536678,44,44,0,20,2.2,23,13,6,4,25,0,6,0,0,3,,
42101980902,Census Tract 9809.02,132548,50536,0,0,0,0,-88888,0,-88888,0,0,0,0,0,0,0,0,,
42101980903,Census Tract 9809.03,171154,0,6,6,0,2,3,2,0,2,0,3,0,0,0,0,1,,
42101980904,Census Tract 9809.04,1570844,158459,1,1,0,2,0.5,2,0,0,0,0,0,0,0,0,1,,
42101980905,Census Tract 9809.05,884500,195611,0,0,0,0,-88888,0,-88888,0,0,0,0,0,0,0,0,,
42101980906,Census Tract 9809.06,2945390,383112,0,0,0,0,-88888,0,-88888,0,0,0,0,0,0,0,0,,
42101989100,Census Tract 9891,2785522,1532456,3688,23,3665,3,7.67,3,0,619,329,2690,0,31,0,0,19,,
42101989200,Census Tract 9892,4591616,3334810,3,0,3,0,-88888,0,-88888,1,1,1,0,0,0,0,0,,
42101989300,Census Tract 9893,2258398,0,65,15,50,1,15,4,75,14,24,20,0,1,0,0,6,,